{
    "rmse": 0.7120187315972744,
    "mae": 0.562489289787035,
    "r2": 0.22135533608579172
}